instance_id,imageUrl,area,profileUrl,positionName,id,parentId
VPC,https://firebasestorage.googleapis.com/v0/b/confident-35184.appspot.com/o/vpc.png?alt=media&token=746f89eb-c3b1-45c2-b7ab-b5195184ef12,empty,dataPath,VPC,1,
Subnet,https://firebasestorage.googleapis.com/v0/b/confident-35184.appspot.com/o/subnet.png?alt=media&token=74784509-f005-4fae-9771-efaf46822c73,empty,dataPath,Subnet,2,1
Subnet,https://firebasestorage.googleapis.com/v0/b/confident-35184.appspot.com/o/subnet.png?alt=media&token=74784509-f005-4fae-9771-efaf46822c73,empty,dataPath,Subnet,3,1
Subnet,https://firebasestorage.googleapis.com/v0/b/confident-35184.appspot.com/o/subnet.png?alt=media&token=74784509-f005-4fae-9771-efaf46822c73,empty,dataPath,Subnet,4,1
S3,https://firebasestorage.googleapis.com/v0/b/confident-35184.appspot.com/o/S3.png?alt=media&token=86dba17a-85e6-446b-b1a5-9581847df29b,empty,dataPath,S3 Bucket,5,1
i-0c7e2dbf9143e5ee5,https://firebasestorage.googleapis.com/v0/b/confident-35184.appspot.com/o/instance.png?alt=media&token=e464b262-64b8-4388-b2c7-61822b3d1e64,empty,dataPath,Instance,6,2
i-0c7e2dbf9143e5ee6,https://firebasestorage.googleapis.com/v0/b/confident-35184.appspot.com/o/instance.png?alt=media&token=e464b262-64b8-4388-b2c7-61822b3d1e64,empty,dataPath,Instance,7,2
i-0c7e2dbf9143e5ee7,https://firebasestorage.googleapis.com/v0/b/confident-35184.appspot.com/o/instance.png?alt=media&token=e464b262-64b8-4388-b2c7-61822b3d1e64,empty,dataPath,Instance,8,2
i-0c7e2dbf9143e5ee8,https://firebasestorage.googleapis.com/v0/b/confident-35184.appspot.com/o/instance.png?alt=media&token=e464b262-64b8-4388-b2c7-61822b3d1e64,empty,dataPath,Instance,9,2
i-0c7e2dbf9143e5ee9,https://firebasestorage.googleapis.com/v0/b/confident-35184.appspot.com/o/instance.png?alt=media&token=e464b262-64b8-4388-b2c7-61822b3d1e64,empty,dataPath,Instance,10,2
i-0c7e2dbf9143e5ee10,https://firebasestorage.googleapis.com/v0/b/confident-35184.appspot.com/o/instance.png?alt=media&token=e464b262-64b8-4388-b2c7-61822b3d1e64,empty,dataPath,Instance,11,2
i-0c7e2dbf9143e5ee11,https://firebasestorage.googleapis.com/v0/b/confident-35184.appspot.com/o/instance.png?alt=media&token=e464b262-64b8-4388-b2c7-61822b3d1e64,empty,dataPath,Instance,12,3
i-0c7e2dbf9143e5ee12,https://firebasestorage.googleapis.com/v0/b/confident-35184.appspot.com/o/instance.png?alt=media&token=e464b262-64b8-4388-b2c7-61822b3d1e64,empty,dataPath,Instance,13,3
i-0c7e2dbf9143e5ee13,https://firebasestorage.googleapis.com/v0/b/confident-35184.appspot.com/o/instance.png?alt=media&token=e464b262-64b8-4388-b2c7-61822b3d1e64,empty,dataPath,Instance,14,3
i-0c7e2dbf9143e5ee14,https://firebasestorage.googleapis.com/v0/b/confident-35184.appspot.com/o/instance.png?alt=media&token=e464b262-64b8-4388-b2c7-61822b3d1e64,empty,dataPath,Instance,15,3
i-0c7e2dbf9143e5ee15,https://firebasestorage.googleapis.com/v0/b/confident-35184.appspot.com/o/instance.png?alt=media&token=e464b262-64b8-4388-b2c7-61822b3d1e64,empty,dataPath,Instance,16,3
i-0c7e2dbf9143e5ee16,https://firebasestorage.googleapis.com/v0/b/confident-35184.appspot.com/o/instance.png?alt=media&token=e464b262-64b8-4388-b2c7-61822b3d1e64,empty,dataPath,Instance,17,3
i-0c7e2dbf9143e5ee17,https://firebasestorage.googleapis.com/v0/b/confident-35184.appspot.com/o/instance.png?alt=media&token=e464b262-64b8-4388-b2c7-61822b3d1e64,empty,dataPath,Instance,18,3
i-0c7e2dbf9143e5ee18,https://firebasestorage.googleapis.com/v0/b/confident-35184.appspot.com/o/instance.png?alt=media&token=e464b262-64b8-4388-b2c7-61822b3d1e64,empty,dataPath,Instance,19,4
i-0c7e2dbf9143e5ee19,https://firebasestorage.googleapis.com/v0/b/confident-35184.appspot.com/o/instance.png?alt=media&token=e464b262-64b8-4388-b2c7-61822b3d1e64,empty,dataPath,Instance,20,4
i-0c7e2dbf9143e5ee20,https://firebasestorage.googleapis.com/v0/b/confident-35184.appspot.com/o/instance.png?alt=media&token=e464b262-64b8-4388-b2c7-61822b3d1e64,empty,dataPath,Instance,21,4
i-0c7e2dbf9143e5ee21,https://firebasestorage.googleapis.com/v0/b/confident-35184.appspot.com/o/instance.png?alt=media&token=e464b262-64b8-4388-b2c7-61822b3d1e64,empty,dataPath,Instance,22,4
i-0c7e2dbf9143e5ee22,https://firebasestorage.googleapis.com/v0/b/confident-35184.appspot.com/o/instance.png?alt=media&token=e464b262-64b8-4388-b2c7-61822b3d1e64,empty,dataPath,Instance,23,4
